Department Index,Word,Frequency
LE,Swahili,12
LE,Health,2
LE,Focus,2
LE,Directed,2
LE,Study,2
LG,ThirdSemester,1
LG,German,10
LG,Modern,2
LG,History,2
LG,Culture,4
LG,Film,1
LG,Society,1
LG,FourthSemester,1
LG,Directed,2
LG,Study,2
LG,Introduction,2
LG,Literature,2
LG,Professions,1
LG,FirstSemester,1
LG,World,2
LG,Cities,1
LG,Linguistics,1
LG,Senior,1
LG,Independent,1
LG,Work,1
LG,Science,1
LG,Music,1
LG,Art,1
LG,GermanSpeaking,2
LG,Food,1
LG,Countries,1
LG,Masterpieces,1
LG,English,1
LG,Translation,2
LG,SecondSemester,1
LG,Interpretation,1
PO,Comparative,11
PO,Political,36
PO,Development,6
PO,American,23
PO,Constitutional,1
PO,Law,5
PO,Special,5
PO,Topics,6
PO,Public,11
PO,Policy,17
PO,Internship,6
PO,International,22
PO,Organizations,3
PO,Abroad,2
PO,Governance,3
PO,Polity,1
PO,Introduction,10
PO,Politics,53
PO,Arabian,1
PO,Peninsula,1
PO,Persian,1
PO,Gulf,1
PO,Seminar,5
PO,Philosophy,3
PO,Reckoning,1
PO,Past,1
PO,Economy,6
PO,Latin,7
PO,America,5
PO,Freedom,2
PO,Democratic,1
PO,Erosion,1
PO,Relations,14
PO,Small,1
PO,States,5
PO,Security,4
PO,Issues,5
PO,Global,5
PO,Justice,4
PO,Zanzibar,1
PO,Problems,2
PO,PostMao,1
PO,China,5
PO,Nationalism,3
PO,PostSoviet,2
PO,Eurasia,1
PO,Policymaking,3
PO,Process,3
PO,Conflict,3
PO,Resolution,1
PO,Chinas,1
PO,Revolutionary,1
PO,Transformation,1
PO,Election,1
PO,Campaign,1
PO,Practicum,1
PO,Gender,3
PO,War,5
PO,Use,2
PO,Force,1
PO,Data,2
PO,Science,10
PO,Electoral,1
PO,Behavior,3
PO,Legal,2
PO,Europe,7
PO,Understanding,2
PO,Modern,7
PO,North,3
PO,Africa,5
PO,Making,3
PO,Asia,7
PO,Readings,5
PO,Theory,7
PO,British,5
PO,Foreign,6
PO,Domestic,1
PO,Processes,1
PO,USLatin,1
PO,History,3
PO,Middle,4
PO,East,5
PO,Ethics,1
PO,Infrastructure,1
PO,Land,1
PO,NonState,1
PO,Actors,1
PO,African,1
PO,Today,1
PO,Congressional,1
PO,Taiwan,1
PO,National,2
PO,Sexuality,1
PO,Peoples,1
PO,Republic,2
PO,Judiciary,1
PO,Civil,1
PO,Liberties,1
PO,Analysis,4
PO,Ireland,2
PO,European,8
PO,Union,1
PO,US,6
PO,Supreme,1
PO,Court,1
PO,Nuclear,2
PO,Religion,2
PO,United,4
PO,Great,1
PO,Power,2
PO,Causes,1
PO,Peace,2
PO,Local,1
PO,Lab,1
PO,Social,5
PO,Legislative,2
PO,PostCommunist,1
PO,Russia,1
PO,Soviet,1
PO,Formal,1
PO,DominationLiberation,1
PO,Advanced,2
PO,Feminist,1
PO,Opinion,2
PO,NorthSouth,1
PO,Britain,2
PO,Biography,1
PO,Statecraft,1
PO,Media,1
PO,Presidency,1
PO,Centuries,1
PO,Violence,1
PO,Cooperation,2
PO,Rwanda,1
PO,Fiction,1
PO,World,5
PO,Growth,1
PO,Citizenship,1
PO,Pacific,1
PO,Rim,1
PO,Inequality,1
PO,Interest,1
PO,Groups,1
PO,Australian,1
PO,System,3
PO,Women,1
PO,Bombs,1
PO,Bombshells,1
PO,Natural,1
PO,Resource,1
PO,Andes,1
PO,Voting,1
PO,Rights,2
PO,Urban,1
PO,Organization,1
PO,Crime,1
PO,Punishment,1
PO,Judicial,1
PO,Conflicts,1
PO,Way,1
PO,Perspective,1
PO,State,1
PO,Purpose,1
PO,Society,2
PO,Age,1
PO,Prohibition,1
PO,Senate,1
PO,Immigration,2
PO,Negotiation,1
PO,Affairs,1
PO,Military,1
PO,Government,1
PO,Contemporary,3
PO,Classical,1
PO,Early,1
PO,Democracy,3
PO,Its,4
PO,Challenges,1
PO,Directed,2
PO,Study,2
PO,ThePolitics,1
PO,Care,1
PO,Environment,1
PO,Nordic,1
PO,HBOs,1
PO,Wire,1
PO,Race,2
PO,Ethnicity,1
PO,Parties,3
PO,Decision,1
PO,Russian,1
PO,AtlanticEuropean,1
PO,Strategies,1
PO,Issue,1
PO,Change,2
PO,From,1
PO,Slavery,1
PO,Nations,2
PO,Identity,1
PO,New,2
PO,Enlightenment,2
PO,Critics,2
PO,Freshman,1
PO,Free,1
PO,Country,1
PO,Current,1
PO,Movements,2
PO,Bureaucracy,1
PO,Money,1
PO,Guns,1
PO,Culture,2
PO,ColonizationDecolonization,1
PO,Globalization,2
PO,Capitalism,1
PO,Industrialized,1
PO,Postwar,1
PO,Japan,2
PO,Islam,1
PO,Systems,1
PO,Southern,1
PO,Independent,2
PO,Work,2
PO,Integration,1
PO,Congress,1
PO,Criminal,1
PO,Southeast,1
PO,Institutions,1
PO,Foundations,1
PO,South,2
PO,Protest,1
PO,Psychology,1
PO,GroupBased,1
PO,Opinions,1
PO,Elections,2
PO,Paris,1
PO,Politique,1
PO,Changing,1
PO,Campaigns,1
PO,Around,1
PO,Era,1
PO,Wars,1
PO,Diplomacy,1
PO,Federal,1
PO,Germany,1
PO,Spain,1
PO,Context,1
PO,Mexico,1
PO,NAFTA,1
PO,Rise,1
PO,Sense,1
PO,Marx,1
PO,Marxism,1
PO,Higher,1
PO,Education,1
PO,Separation,1
PO,Powers,1
PO,Human,1
PO,Presidential,1
PO,Leadership,1
PO,Catastrophe,1
PO,Memory,1
AM,Research,2
AM,Seminar,2
AM,American,10
AM,Studies,4
AM,Material,2
AM,Culture,2
AM,Arts,1
AM,Society,1
AM,Topics,1
AM,Bob,1
AM,Dylan,1
AM,Places,1
AM,Memory,1
AM,Buildings,1
AM,Landscapes,1
AM,South,1
AM,History,3
AM,Literature,1
AM,Film,1
AM,Internships,1
AM,Public,1
AM,Preservation,1
AM,Planning,1
AM,Introduction,1
AM,Boston,1
AM,Architectural,1
AM,Community,1
AM,Workshop,1
AM,Perspectives,1
AM,Experience,1
AM,Native,1
AM,Indigenous,1
AM,Folk,1
AM,Art,1
LC,Chinese,34
LC,Novel,1
LC,Civilization,1
LC,English,8
LC,Business,1
LC,Advanced,1
LC,Classical,3
LC,Third,2
LC,Year,4
LC,Modern,9
LC,Directed,2
LC,Study,2
LC,Theater,2
LC,Performance,1
LC,Practical,1
LC,Topics,6
LC,Media,2
LC,Reading,2
LC,Writing,3
LC,Visual,1
LC,Politics,1
LC,Classics,1
LC,Todays,1
LC,World,1
LC,Literature,6
LC,Old,1
LC,Tales,1
LC,New,1
LC,Times,1
LC,Fourth,3
LC,Semester,1
LC,Teaching,1
LC,Second,1
LC,Language,3
LC,Screening,1
LC,China,2
LC,Society,1
LC,Workshop,2
LC,Translating,1
LC,Interpreting,1
LC,Culture,3
LC,Mass,1
LC,Social,1
LC,Change,1
LC,Introduction,1
LC,Womens,1
LC,Masterpieces,2
LC,Sr,2
LC,Indep,2
LC,Work,2
LC,Literary,1
LC,Translation,1
LC,SecondSemester,1
LC,FirstSemester,1
LC,Film,1
LC,ThirdSemester,1
PS,Experimental,8
PS,Psychology,23
PS,Perception,1
PS,Imaging,1
PS,Manipulating,1
PS,Memories,1
PS,Cognitive,3
PS,Development,3
PS,Psychopathology,3
PS,Poverty,1
PS,Wealth,1
PS,Economic,1
PS,Inequality,1
PS,Social,2
PS,Physiological,1
PS,General,1
PS,Introduction,5
PS,Clinical,1
PS,Racism,1
PS,Sexism,1
PS,Prejudice,1
PS,Behavioral,2
PS,Medicine,1
PS,Human,1
PS,Brain,3
PS,Mapping,1
PS,Family,2
PS,Violence,1
PS,Memory,2
PS,Systems,1
PS,Directed,2
PS,Study,2
PS,Neuroscience,2
PS,Criminal,1
PS,Justice,1
PS,Animal,1
PS,Models,2
PS,Design,1
PS,Childhood,1
PS,Adversity,1
PS,Senior,2
PS,Independent,2
PS,Work,2
PS,Neuropsychology,2
PS,Developmental,3
PS,Special,1
PS,Topics,1
PS,MATLAB,1
PS,Programming,1
PS,Research,1
PS,Psychological,1
PS,Sciences,1
PS,Neural,1
PS,Function,1
PS,CrossCultural,1
PS,Trends,1
PS,Contemporary,1
PS,Child,1
PS,Public,1
PS,Policy,1
PS,Political,1
PS,GroupBased,1
PS,Politics,1
PS,Neurobiology,1
PS,Motivation,1
PS,Decision,1
PS,Making,1
PS,Learning,2
PS,Drugs,1
PS,Behavior,1
PS,Personality,1
EN,Playwriting,3
EN,Studies,32
EN,Auteur,2
EN,Filmmaking,2
EN,Topics,9
EN,Early,1
EN,Modern,8
EN,British,5
EN,Literature,44
EN,Seminar,4
EN,Independent,4
EN,Study,2
EN,Critical,16
EN,Arts,4
EN,Senior,2
EN,Work,2
EN,Big,2
EN,Novels,1
EN,Ideas,2
EN,Womens,1
EN,Literary,12
EN,Cultures,2
EN,I,3
EN,Genres,3
EN,History,3
EN,Novel,4
EN,English,2
EN,Asian,2
EN,American,23
EN,Advanced,2
EN,Writing,6
EN,Fiction,11
EN,Ethnicity,3
EN,Poetry,5
EN,Workshop,4
EN,NonCinematic,1
EN,Media,3
EN,Comparative,2
EN,Movements,3
EN,Fictional,1
EN,Forms,1
EN,African,7
EN,Introduction,11
EN,Film,5
EN,Aesthetics,1
EN,Criticism,2
EN,Philosophy,1
EN,II,3
EN,Drama,4
EN,Theory,4
EN,Practice,3
EN,Women,2
EN,Writers,4
EN,Black,1
EN,Thought,1
EN,ScienceFiction,1
EN,Anglophone,3
EN,Rise,1
EN,Reading,5
EN,Technoculture,1
EN,Horizons,1
EN,Gender,3
EN,Race,2
EN,Asexualities,1
EN,Performance,2
EN,Present,1
EN,Ethics,1
EN,Art,2
EN,Jewish,1
EN,Readings,1
EN,NineteenthCentury,2
EN,PostApocalyptic,1
EN,Narratives,1
EN,Disability,1
EN,Voices,1
EN,Childrens,1
EN,Environmental,1
EN,Humanities,1
EN,Society,3
EN,Encounters,1
EN,Faulkner,1
EN,After,2
EN,Representing,1
EN,Boston,1
EN,Medieval,1
EN,Worlds,1
EN,Contemporary,2
EN,Grammar,1
EN,Style,1
EN,Shakespeare,3
EN,Haruki,1
EN,Murakami,1
EN,His,1
EN,Sources,1
EN,Graphic,1
EN,Toni,1
EN,Morrisons,1
EN,Times,1
EN,AsianAmerican,1
EN,Science,2
EN,Global,1
EN,Write,1
EN,Back,1
EN,Soon,1
EN,Freshman,1
EN,Major,1
EN,Authors,1
EN,Odyssey,1
EN,Ulysses,1
EN,Creative,1
EN,Harlem,1
EN,Renaissance,1
EN,Performative,1
EN,Text,1
EN,Design,1
EN,Latinx,1
EN,Teaching,1
EN,Joyce,1
EN,Myth,1
EN,Family,1
EN,Classical,1
EN,Television,1
EN,Sex,1
EN,World,1
EN,Detective,1
EN,Resistance,1
EN,Revolution,1
EN,Slavery,1
EN,Nonfiction,1
LN,ThirdSemester,1
LN,HindiUrdu,4
LN,SecondSemester,1
LN,Topics,1
LN,South,1
LN,Asian,2
LN,Literature,1
LN,Culture,1
LN,FourthSemester,1
LN,Modern,1
LN,India,2
LN,Bollywood,1
LN,Directed,2
LN,Study,2
LN,FirstSemester,1
LN,Gateway,1
LN,Cultures,1
LN,Language,1
LN,Identity,1
WR,Public,2
WR,Speaking,1
WR,FirstYear,1
WR,Writing,9
WR,Seminar,1
WR,Research,3
WR,Inquiry,3
WR,CreativityInnovation,1
WR,Academic,2
WR,ELL,2
WR,Students,2
WR,Childrens,1
WR,Literature,1
WR,Elementary,1
WR,School,1
WR,Tutoring,2
WR,Global,1
WR,University,1
WR,Disciplines,1
WR,Communitybased,1
WR,Oral,1
WR,Signed,1
WR,Expression,2
WR,DigitalMultimedia,1
BI,Molecular,5
BI,Biology,61
BI,Behavioral,3
BI,Ecology,12
BI,Topics,4
BI,Biogeography,1
BI,Honors,4
BI,Seminar,6
BI,Marine,11
BI,Megafaunal,1
BI,Human,6
BI,Physiology,4
BI,Genetics,7
BI,Laboratory,3
BI,Senior,4
BI,Research,17
BI,Terrestrial,1
BI,Biogeochemistry,3
BI,Anatomy,1
BI,Animal,1
BI,Behavior,4
BI,Biochem,1
BI,Lec,1
BI,Geographic,1
BI,Information,1
BI,Science,4
BI,Evolutionary,3
BI,Neurobiology,3
BI,Motivated,1
BI,Functional,1
BI,Genomics,3
BI,Biochemistry,4
BI,Integrated,2
BI,Experience,2
BI,Lab,3
BI,Reading,6
BI,III,2
BI,In,1
BI,Sophomore,2
BI,Microbial,2
BI,Ornithology,1
BI,Cellular,1
BI,Neurophysiology,1
BI,Ecological,1
BI,Progress,2
BI,Evolution,3
BI,First,2
BI,Year,2
BI,Insect,1
BI,Coral,3
BI,Reef,3
BI,Resilience,1
BI,Restoration,1
BI,Sociobiology,1
BI,Discussion,1
BI,Neuroscience,3
BI,Design,2
BI,Biodiversity,1
BI,Conservation,2
BI,Junior,5
BI,Stem,1
BI,Cells,1
BI,Credits,4
BI,Developmental,2
BI,Systems,2
BI,Advanced,2
BI,Analysis,1
BI,Coastal,1
BI,Microbiome,1
BI,Urban,2
BI,Plant,1
BI,Cell,3
BI,II,3
BI,Masters,1
BI,Neuron,1
BI,Population,2
BI,Neural,2
BI,Impacts,1
BI,Tumorigenesis,1
BI,Introductory,1
BI,Health,2
BI,Sciences,1
BI,I,2
BI,Phenotypic,1
BI,Plasticity,1
BI,General,1
BI,Microbiology,2
BI,Forest,1
BI,Sensory,1
BI,Translational,1
BI,Alzheimers,1
BI,Disease,2
BI,Quantitative,2
BI,Readings,2
BI,BioOptical,1
BI,Oceanography,1
BI,Circuits,1
BI,Structure,1
BI,Function,1
BI,Institutional,1
BI,Racism,1
BI,Vertebrate,1
BI,Zoology,1
BI,Carcinogenesis,1
BI,Ichthyology,1
BI,Approaches,1
BI,Intensive,2
BI,Theoretical,1
BI,Fishes,1
BI,Endocrinology,1
BI,Fundamentals,2
BI,Synapse,1
BI,Dynamics,2
BI,Neurodegenerative,2
BI,Diseases,3
BI,Project,1
BI,Statistics,1
BI,Biological,1
BI,Anthropology,1
BI,Shark,1
BI,Immunology,1
BI,Global,1
BI,Change,2
BI,Neurotoxins,1
BI,Medicine,1
BI,Agriculture,1
BI,War,1
BI,DNA,1
BI,Metapopulation,1
BI,Drug,1
BI,Discovery,1
BI,Climate,1
BI,Principles,1
BI,Proteostasis,1
BI,Diversity,1
BI,Sex,1
BI,Neuroethology,1
BI,Infectious,1
BI,Tropical,1
BI,Invertebrates,1
AR,Seminar,1
AR,Archaeological,6
AR,Field,3
AR,Research,3
AR,Archaeology,20
AR,Ancient,5
AR,China,1
AR,Design,1
AR,Materials,1
AR,Analysis,1
AR,Professional,1
AR,Futures,1
AR,Topics,2
AR,Peoples,2
AR,Arctic,1
AR,Studies,1
AR,Mesoamerican,1
AR,Regional,1
AR,Geographical,1
AR,Information,1
AR,Systems,1
AR,Indigenous,2
AR,Introduction,2
AR,Greek,1
AR,Roman,1
AR,Mysteries,1
AR,Human,2
AR,Osteology,1
AR,Maya,1
AR,Civilization,1
AR,Life,1
AR,Is,1
AR,Bowl,1
AR,Ethics,1
AR,Law,1
AR,Arts,1
AR,Classical,1
AR,Greece,1
AR,Paleoethnobotany,1
AR,Pots,1
AR,Pans,1
AR,Low,1
AR,Impact,1
AR,Methods,2
AR,Zooarchaeology,1
AR,Politics,1
AR,Past,2
AR,Impacts,1
AR,Environments,1
AR,Cities,1
AR,Americas,1
AR,Scientific,1
AR,Applications,1
AR,Great,1
AR,Discoveries,1
AR,Technology,1
AR,Theory,2
AR,Paleolithic,1
AR,Science,2
AR,Cosmopolitan,1
AR,Southeast,1
AR,Asia,1
AR,Landscape,1
AR,Proposal,1
AR,Writing,1
AR,Social,1
AR,Method,1
AR,Environmental,1
AR,Eating,1
AR,Drinking,1
AR,World,1
AR,North,1
AR,American,1
AR,Digital,1
AR,Minoan,1
AR,Mycenaean,1
AR,Civilizations,1
AR,Memory,1
AR,D,1
IR,Pardee,2
IR,School,2
IR,Honors,2
IR,Thesis,2
IR,II,1
IR,Reemergence,1
IR,Russia,1
IR,Southeast,2
IR,Asia,7
IR,History,7
IR,Deportation,1
IR,Border,1
IR,Security,9
IR,Americas,2
IR,Policy,7
IR,Statecraft,2
IR,Understanding,2
IR,Modern,2
IR,Middle,6
IR,East,7
IR,Topics,3
IR,European,3
IR,Politics,22
IR,Culture,1
IR,International,25
IR,Relations,15
IR,South,2
IR,Economic,2
IR,Development,7
IR,Institutions,1
IR,Seminar,2
IR,Public,3
IR,Law,3
IR,Solving,1
IR,Humanitarian,1
IR,Crises,1
IR,Gender,2
IR,Global,11
IR,Forced,1
IR,Migration,1
IR,Human,4
IR,Trafficking,1
IR,Latin,4
IR,America,2
IR,Today,3
IR,Political,6
IR,Economy,5
IR,NorthSouth,1
IR,Japan,1
IR,NonState,1
IR,Actors,1
IR,Evolution,1
IR,Strategic,3
IR,Intelligence,5
IR,African,1
IR,Introduction,6
IR,Internship,1
IR,Regional,1
IR,Studies,3
IR,Nuclear,3
IR,Weapons,2
IR,Drugs,1
IR,Cybersecurity,1
IR,US,2
IR,National,3
IR,American,6
IR,Foreign,3
IR,Since,1
IR,Foundations,1
IR,Democratic,1
IR,Society,1
IR,Diplomacy,3
IR,Problems,1
IR,Issues,3
IR,PostMao,1
IR,China,5
IR,Ballot,1
IR,Bullet,1
IR,Governance,1
IR,Organization,1
IR,War,4
IR,Revolution,1
IR,Homeland,2
IR,Comparative,3
IR,Europe,4
IR,Integration,1
IR,Immigration,1
IR,Racial,1
IR,Environment,1
IR,Rising,2
IR,Powers,3
IR,Laws,1
IR,Social,1
IR,Resource,1
IR,Geopolitics,1
IR,Money,2
IR,Islam,1
IR,Fundamentals,4
IR,Current,1
IR,Causes,1
IR,Peace,1
IR,Negotiations,1
IR,Managing,1
IR,USLatin,1
IR,Ethnic,1
IR,Conflict,2
IR,Perspective,1
IR,Grand,1
IR,Strategy,1
IR,Strategies,1
IR,Defense,1
IR,Planning,1
IR,Rights,2
IR,Religion,2
IR,Cultures,1
IR,Environmentally,1
IR,Sustainable,1
IR,Rise,1
IR,NGOs,1
IR,Practice,2
IR,Mapping,1
IR,Dangerous,1
IR,Online,1
IR,Speech,1
IR,Globalization,2
IR,Contemporary,3
IR,Capitalism,1
IR,Advanced,1
IR,Industrialized,1
IR,Nations,1
IR,World,5
IR,Science,1
IR,Climate,2
IR,Change,3
IR,Digital,1
IR,I,1
IR,Central,1
IR,United,1
IR,States,1
IR,Cold,1
IR,Parties,1
IR,Feminism,1
IR,Making,1
IR,Cooperation,1
IR,Campaigns,1
IR,Elections,1
IR,Around,1
IR,Government,1
IR,Africa,2
IR,State,1
IR,Purpose,1
IR,Changing,1
IR,Face,1
IR,Eastern,2
IR,Century,1
IR,Deterrence,1
IR,Economics,2
IR,Quantitative,1
IR,Methods,1
IR,Asian,1
IR,Poverty,1
IR,Diplomatic,1
IR,Arms,1
IR,Control,1
IR,Proliferation,1
IR,Taiwan,1
IR,Peoples,1
IR,Republic,1
IR,Balkan,1
IR,Iran,2
IR,Present,1
IR,Great,1
IR,Mediterranean,1
IR,Premodern,1
IR,India,1
IR,Contentious,1
IR,Arab,1
IR,Uprisings,1
IR,Congress,1
IR,Inequality,1
IR,Directed,1
IR,Study,1
IR,People,1
IR,Power,1
IR,Peacekeeping,1
IR,StateBuilding,1
IR,Environmental,1
IR,Negotiation,1
IR,Leadership,1
IR,Cultural,1
IR,Large,1
IR,Organizations,2
IR,Intercultural,1
IR,Communication,1
IR,CivilMilitary,1
IR,North,1
IR,AtlanticEuropean,1
IR,Technology,1
IR,Inclusion,1
IR,Developing,1
IR,Arabian,1
IR,Peninsula,1
IR,Persian,1
IR,Gulf,1
AN,Anthropology,22
AN,History,1
AN,Creation,1
AN,Evolution,5
AN,Senior,2
AN,Independent,2
AN,Work,2
AN,Religion,3
AN,Politics,2
AN,Cultures,3
AN,Urban,1
AN,Paleolithic,1
AN,Archaeology,6
AN,Human,8
AN,Biology,4
AN,Behavior,1
AN,Film,1
AN,Indigenous,2
AN,Special,3
AN,Topics,3
AN,Biological,4
AN,Fall,1
AN,Investigating,1
AN,Contemporary,2
AN,Globalization,1
AN,Ethnography,4
AN,China,2
AN,Taiwan,1
AN,North,1
AN,American,1
AN,Challenging,1
AN,Xenophobia,1
AN,Ancient,2
AN,Technology,1
AN,Introduction,3
AN,Medical,1
AN,Language,1
AN,Culture,9
AN,Society,4
AN,Peoples,3
AN,Arctic,1
AN,Anthropological,4
AN,Theory,4
AN,Sociolinguistics,1
AN,Global,1
AN,Intimacies,1
AN,Archaeological,1
AN,Mysteries,1
AN,Children,1
AN,Ape,1
AN,Within,1
AN,Shamans,1
AN,Shamanism,1
AN,Seminar,2
AN,Evolutionary,6
AN,Medicine,1
AN,Sociocultural,1
AN,Through,1
AN,Diet,1
AN,Proposal,1
AN,Writing,1
AN,Social,3
AN,Science,1
AN,Research,1
AN,Variation,1
AN,Mental,1
AN,Health,1
AN,Psychology,1
AN,Methods,1
AN,Origins,2
AN,War,1
AN,Change,2
AN,Japan,1
AN,Afghanistan,1
AN,Heredity,1
AN,Sex,2
AN,Differences,1
AN,Transforming,1
AN,Life,1
AN,Primate,4
AN,Ecology,1
AN,Aztecs,1
AN,Maya,1
AN,Their,1
AN,Predecessors,1
AN,Biomechanics,1
AN,Literacy,1
AN,Islam,2
AN,Africa,4
AN,Environment,1
AN,Method,2
AN,Techniques,1
AN,Fieldwork,1
AN,Emotion,1
AN,Directed,2
AN,Study,2
AN,Muslim,2
AN,Food,2
AN,Places,1
AN,Wealth,1
AN,Poverty,1
AN,Uniqueness,1
AN,Environmental,1
AN,Urbanism,1
AN,Mesoamerica,1
AN,Osteology,1
AN,Cosmopolitan,1
AN,Past,1
AN,Zooarchaeology,1
AN,Water,1
AN,Southeast,1
AN,Asia,3
AN,Senses,1
AN,Gender,1
AN,Perspective,3
AN,Anatomy,1
AN,Cultural,1
AN,Cognition,1
AN,Boston,1
AN,South,1
AN,Regional,1
AN,Geographical,1
AN,Information,1
AN,Systems,1
AN,Humans,1
AN,Among,1
AN,Animals,1
AN,Power,1
AN,Middle,2
AN,East,2
AN,Issues,1
AN,Spring,1
AN,From,1
AN,Conception,1
AN,Death,1
AN,Women,3
AN,World,2
AN,Religious,1
AN,Fundamentalism,1
AN,Biotech,1
AN,Symbol,1
AN,Myth,1
AN,Rite,1
AN,Coping,1
AN,Crisis,1
AN,Ethnicity,1
AN,Identity,1
AN,Turkey,1
AN,Comparative,1
AN,Endocrinology,1
AN,Behavioral,1
AN,Legal,1
AN,Landscape,1
AN,Project,1
AN,Design,1
AN,Statistics,1
AN,Americas,1
AN,Psychological,1
AN,Exploring,1
AN,Ethnographic,1
AN,Genres,1
AN,Political,1
AN,Modern,1
JS,From,1
JS,Jesus,1
JS,Christ,1
JS,Introduction,1
JS,Rabbinic,1
JS,Literature,4
JS,Early,1
JS,Jewish,6
JS,Mystical,1
JS,Thought,3
JS,World,1
JS,Cultures,1
JS,Jews,1
JS,Topics,1
JS,Studies,2
JS,Representations,1
JS,Holocaust,7
JS,Film,4
JS,Bible,2
JS,Israeli,4
JS,Culture,4
JS,English,3
JS,Dead,1
JS,Sea,1
JS,Scrolls,1
JS,SixthSemester,1
JS,Hebrew,6
JS,Islamophobia,1
JS,Antisemitism,2
JS,Media,1
JS,Judaism,5
JS,Christianity,1
JS,Islam,1
JS,Advanced,1
JS,Modern,4
JS,Philosophy,1
JS,Mysticism,2
JS,Classical,1
JS,Israel,3
JS,Primo,1
JS,Levi,1
JS,Within,1
JS,Open,1
JS,Heaven,1
JS,Seminar,1
JS,Masterpieces,1
JS,History,1
JS,IsraeliPalestinian,1
JS,Conflict,1
JS,Biblical,1
JS,Fakes,1
JS,Forgeries,1
JS,Gender,1
JS,Sexuality,1
JS,Environmental,1
JS,Law,1
JS,Mediterranean,1
JS,Styles,1
JS,Meaning,1
JS,Poetry,1
JS,Fascism,1
JS,Italy,1
JS,Narrative,1
JS,Moses,1
JS,Popular,1
JS,Music,1
JS,Environment,1
JS,Through,1
JS,Holy,1
JS,City,1
JS,Religion,1
JS,Community,1
JS,Medieval,1
JS,Spain,1
LD,Igbo,8
LD,Amharic,6
LD,Zulu,8
LD,MandinkaBambara,4
LD,Directed,2
LD,Study,2
LD,African,2
LD,Languages,2
LD,Linguistics,2
EE,Environmental,16
EE,Humanities,1
EE,Society,2
EE,Institutional,1
EE,Analysis,5
EE,Governance,2
EE,Plant,1
EE,Physiological,1
EE,Ecology,4
EE,Advanced,1
EE,Topics,1
EE,Remote,6
EE,Sensing,6
EE,Estuaries,1
EE,Nearshore,1
EE,Systems,3
EE,Natural,1
EE,Environments,1
EE,Physical,3
EE,Models,2
EE,Paleoclimatology,1
EE,Paleoceanography,1
EE,Lower,1
EE,Atmosphere,1
EE,Reconstructing,1
EE,Sustainability,4
EE,Science,7
EE,Quantitative,2
EE,Geomorphology,1
EE,Forest,1
EE,Law,2
EE,Israel,2
EE,Mediterranean,1
EE,Introduction,10
EE,Oceanography,5
EE,Climate,5
EE,Earth,3
EE,System,1
EE,Sustainable,3
EE,Energy,3
EE,Atmospheric,2
EE,Boundary,1
EE,Layer,1
EE,Data,2
EE,Environment,8
EE,Change,4
EE,Geochemistry,1
EE,US,1
EE,Policy,5
EE,Global,4
EE,Justice,2
EE,Geophysical,1
EE,Fluid,1
EE,Dynamics,2
EE,Modeling,2
EE,Monitoring,1
EE,Terrestrial,2
EE,Ecosystems,2
EE,Processes,2
EE,Multivariate,1
EE,Geographers,1
EE,Coral,1
EE,Reef,1
EE,Coastal,2
EE,Rock,1
EE,Deformation,1
EE,Structure,1
EE,Earths,1
EE,Rocky,1
EE,Materials,1
EE,Hydrology,2
EE,Micrometeorology,1
EE,An,1
EE,Geographic,3
EE,Information,3
EE,GIS,2
EE,Marine,4
EE,Urban,3
EE,BioOptical,1
EE,Digital,1
EE,Image,1
EE,Processing,1
EE,Aquatic,1
EE,Optics,1
EE,Tropical,1
EE,Seagrasses,1
EE,Fate,1
EE,Nations,1
EE,World,2
EE,Oil,1
EE,Markets,1
EE,ThePolitics,1
EE,Care,1
EE,Chemistry,1
EE,Dynamical,1
EE,Biogeochemistry,2
EE,Applied,1
EE,Statistics,1
EE,Crises,1
EE,Planet,1
EE,Research,1
EE,Agencies,1
EE,Organizations,1
EE,Physiology,1
EE,History,1
EE,Africa,1
EE,Ecological,1
EE,Forecasting,1
EE,Informatics,1
EE,Negotiation,1
EE,Dynamic,1
EE,Landsurface,1
EE,Methods,1
EE,Resource,2
EE,Geopolitics,1
EE,Beach,1
EE,Shoreline,1
EE,Sedimentology,1
EE,Intermediate,1
EE,Environmentally,1
EE,Development,4
EE,Stellwagen,1
EE,Bank,1
EE,Surrounding,1
EE,Waters,1
EE,Regional,1
EE,Geography,1
EE,WATER,1
EE,RESOURCES,1
EE,ENVIRONMENT,1
EE,Climatology,1
EE,Responsibility,1
EE,Politics,1
EE,Latin,1
EE,America,1
EE,Conservation,1
EE,Decisions,1
EE,Economics,1
RN,Modern,1
RN,Judaism,5
RN,Art,1
RN,Media,1
RN,Buddhism,3
RN,Religion,23
RN,Problem,1
RN,Tolerance,1
RN,Seminar,1
RN,Holocaust,2
RN,Buddhist,1
RN,Literature,1
RN,Shamans,1
RN,Shamanism,1
RN,Introduction,3
RN,Foundations,1
RN,Jewish,2
RN,Politics,1
RN,Magical,1
RN,Texts,1
RN,Quest,1
RN,God,1
RN,Good,1
RN,Shariah,1
RN,Law,1
RN,Gender,2
RN,Sexuality,2
RN,Topics,6
RN,American,2
RN,Maimonides,1
RN,Science,4
RN,Medicine,2
RN,History,3
RN,PreColonial,1
RN,Africa,2
RN,Biblical,1
RN,Fakes,1
RN,Forgeries,1
RN,Women,1
RN,Islam,4
RN,Sociology,1
RN,African,2
RN,Diaspora,1
RN,Religions,4
RN,Digital,1
RN,Age,1
RN,Death,1
RN,Immortality,1
RN,Philosophy,3
RN,Mysticism,2
RN,Worlds,1
RN,Theoretical,1
RN,Approaches,1
RN,Study,1
RN,America,3
RN,Violence,1
RN,Religious,5
RN,Thought,2
RN,Christianity,2
RN,Hip,1
RN,Hop,1
RN,Scriptures,1
RN,World,1
RN,Anthropology,1
RN,Magic,1
RN,Senior,1
RN,Independent,1
RN,Work,1
RN,Asia,2
RN,Rumi,1
RN,Persian,1
RN,Sufi,1
RN,Poetry,1
RN,English,1
RN,Film,1
RN,Culture,3
RN,Society,1
RN,South,1
RN,Community,1
RN,Medieval,2
RN,Spain,1
RN,Islamophobia,1
RN,Antisemitism,1
RN,Varieties,1
RN,Early,1
RN,Greek,1
RN,Roman,1
RN,Health,1
RN,Dead,1
RN,Sea,1
RN,Scrolls,1
RN,Food,1
RN,Bible,1
RN,Literacy,1
RN,Holy,1
RN,City,1
RN,From,1
RN,Jesus,1
RN,Christ,1
RN,Hinduism,1
RN,Comparative,1
RN,Ethics,1
RN,Multireligious,1
LJ,Japanese,22
LJ,Civilization,1
LJ,English,5
LJ,ThirdSemester,1
LJ,Rome,1
LJ,Chinese,2
LJ,World,2
LJ,Cities,1
LJ,TJpn,4
LJ,LangLit,4
LJ,History,1
LJ,Language,3
LJ,Topics,4
LJ,Literature,5
LJ,Modern,5
LJ,Samurai,1
LJ,Ships,1
LJ,Soil,1
LJ,Conversational,1
LJ,Readings,1
LJ,Fiction,1
LJ,Media,1
LJ,Haiku,1
LJ,Professions,1
LJ,Advanced,1
LJ,Directed,2
LJ,Study,2
LJ,ThirdYear,2
LJ,II,1
LJ,Structure,1
LJ,I,2
LJ,Supernatural,1
LJ,Beings,1
LJ,Japan,2
LJ,Classical,2
LJ,Students,1
LJ,East,1
LJ,Asia,1
LJ,Intensive,1
LJ,Kanji,1
LJ,Masterpieces,1
LJ,FirstSemester,1
LJ,Women,1
LJ,Writers,1
LJ,Sr,2
LJ,Indep,2
LJ,Work,2
LJ,Gateway,2
LJ,Auteur,1
LJ,Studies,1
LJ,Culture,1
LJ,Cinema,1
LJ,Haruki,1
LJ,Murakami,1
LJ,His,1
LJ,Sources,1
LJ,Asian,1
LJ,Cultures,1
LJ,SecondSemester,1
LJ,FourthSemester,1
PH,Symbolic,1
PH,Logic,3
PH,Philosophy,31
PH,Earth,1
PH,Sciences,1
PH,Foundations,1
PH,Mathematics,2
PH,Quest,1
PH,God,1
PH,Good,1
PH,Maimonides,1
PH,Senior,2
PH,Independent,2
PH,Work,2
PH,Love,1
PH,Metaphysics,1
PH,Epistemology,2
PH,Wittgenstein,1
PH,History,5
PH,Medieval,1
PH,NineteenthCentury,1
PH,Marx,1
PH,Marxism,1
PH,Medical,1
PH,Ethics,4
PH,Existentialism,1
PH,Kant,1
PH,Physics,1
PH,Arts,1
PH,Film,1
PH,Health,1
PH,Care,1
PH,Nietzsche,1
PH,Hegel,1
PH,Science,5
PH,Technology,1
PH,Values,1
PH,Aristotle,1
PH,I,2
PH,Heidegger,1
PH,Existential,1
PH,Gender,2
PH,Sexuality,1
PH,Political,3
PH,Cognitive,1
PH,Introduction,3
PH,Meaning,1
PH,Memory,1
PH,Politics,1
PH,Enlightenment,1
PH,Mathematical,1
PH,Topics,6
PH,Religious,1
PH,Thought,1
PH,Classical,1
PH,Early,1
PH,Modern,2
PH,Theory,1
PH,Race,1
PH,Speculative,1
PH,Philosophical,1
PH,Problems,1
PH,Aesthetics,1
PH,Religion,2
PH,Biology,1
PH,Directed,2
PH,Study,2
PH,Analytic,1
PH,Human,1
PH,Nature,1
PH,Social,1
PH,Phenomenology,1
PH,Legal,1
PH,Mind,2
PH,Brain,1
PH,Self,1
PH,Ancient,1
PH,Plato,1
PH,Value,1
PH,Chinese,1
PH,Crime,1
PH,Punishment,1
PH,Henry,1
PH,James,1
PH,New,1
PH,Media,1
PH,Mysticism,1
PH,Great,1
PH,Philosophers,1
PH,Language,1
PH,Puzzles,1
PH,Paradoxes,1
PH,Reasoning,1
PH,Argumentation,1
SO,Bostons,1
SO,People,1
SO,Neighborhoods,1
SO,Social,7
SO,Networks,1
SO,Sociology,15
SO,Childhood,1
SO,Youth,1
SO,Introduction,3
SO,Sociological,4
SO,Theories,1
SO,Religion,1
SO,Methods,1
SO,Seminar,14
SO,International,1
SO,Migration,1
SO,Problems,1
SO,Change,1
SO,Families,2
SO,Senior,2
SO,Independent,2
SO,Work,2
SO,American,2
SO,Principles,1
SO,Popular,1
SO,Culture,2
SO,Gender,3
SO,Crime,2
SO,Race,2
SO,Ethnicity,1
SO,Markets,2
SO,Inequality,2
SO,Biomedicine,1
SO,Healthcare,1
SO,Substantive,1
SO,Themes,1
SO,Theory,1
SO,Nature,1
SO,Technology,1
SO,Mental,1
SO,Illness,1
SO,Aging,1
SO,Life,2
SO,Course,1
SO,Sexuality,1
SO,Urban,1
SO,America,1
SO,Class,1
SO,Justice,1
SO,Law,1
SO,Society,1
SO,Globalization,2
SO,Health,1
SO,Care,1
SO,Approaches,1
SO,Current,1
SO,Issues,1
SO,Economic,1
SO,Understanding,1
SO,Meritocracy,1
SO,Contemporary,1
SO,Debates,1
SO,Sexualities,1
SO,Research,2
SO,Masculinities,1
SO,Advanced,1
SO,Practicum,1
SO,World,1
SO,Poverty,1
SO,Political,1
SO,Deviance,1
SO,Control,1
WS,Contemporary,2
WS,Debates,1
WS,Sexualities,1
WS,Research,1
WS,Philosophy,1
WS,Gender,13
WS,Sexuality,7
WS,Sociology,2
WS,Race,3
WS,Class,1
WS,Japanese,1
WS,Women,4
WS,Writers,1
WS,Healthcare,1
WS,Advanced,1
WS,Feminist,2
WS,Theory,2
WS,LGBTQI,1
WS,Representation,1
WS,Film,4
WS,Transforming,1
WS,Life,2
WS,Evolutionary,1
WS,Biology,2
WS,Human,1
WS,Variation,1
WS,Fashion,1
WS,History,2
WS,Immigrant,1
WS,Literature,2
WS,Studies,3
WS,Asexualities,1
WS,Religion,1
WS,US,1
WS,Judaism,1
WS,Politics,1
WS,Behavioral,1
WS,Directed,1
WS,Study,1
WS,Bombs,1
WS,Bombshells,1
WS,Internships,1
WS,Queer,1
WS,Crime,1
WS,Seminar,2
WS,Growing,1
WS,Up,1
WS,Korea,1
WS,Global,2
WS,Maternal,1
WS,Child,1
WS,Health,1
WS,Thinking,1
WS,Queerly,1
WS,Technoculture,1
WS,Horizons,1
WS,Intimacies,1
WS,Madonnas,1
WS,Martyrs,1
WS,MILFs,1
WS,Diversity,1
WS,Sex,4
WS,Topics,5
WS,Womens,3
WS,Inquiry,1
WS,WGS,3
WS,Humanities,1
WS,Inhuman,1
WS,Films,1
WS,Monarchy,1
WS,Modern,1
WS,Britain,1
WS,American,1
WS,Masculinities,1
WS,Neurobiology,1
WS,Aggression,1
WS,Arts,1
WS,Social,3
WS,Sciences,1
WS,City,1
WS,Media,1
WS,Science,1
WS,Fiction,1
WS,Resistance,1
WS,Protest,1
WS,Empowerment,1
WS,London,1
WS,Aphra,1
WS,Behn,1
WS,Blitz,1
WS,Identity,1
WS,Middle,1
WS,Eastern,1
LF,Introduction,1
LF,French,20
LF,Novel,2
LF,Topics,4
LF,NineteenthCentury,2
LF,Literature,3
LF,Through,1
LF,Translation,1
LF,Modern,1
LF,Theatre,1
LF,Senior,2
LF,Independent,2
LF,Work,2
LF,Directed,2
LF,Study,2
LF,Film,2
LF,Media,1
LF,Language,1
LF,Identity,1
LF,Postcolonial,1
LF,Advanced,1
LF,Spoken,1
LF,World,1
LF,SecondSemester,1
LF,ThirdSemester,1
LF,Trends,1
LF,FirstSemester,1
LF,Intensive,1
LF,Beginning,1
LF,Professions,1
LF,Studies,1
LF,Geographies,1
LF,Imagination,1
LF,CinemaMonde,1
LF,Reading,1
LF,Way,1
LF,Structure,1
LF,FourthSemester,1
LF,Memory,1
LF,Monument,1
LF,Voice,1
LF,Text,1
LF,Creative,1
LF,Writing,1
LF,Urban,1
LF,Imgainaries,1
LF,AuthorAuteur,1
LF,Arts,1
LF,Society,1
AH,Arts,9
AH,America,1
AH,Early,1
AH,Medieval,2
AH,Romanesque,1
AH,Art,23
AH,Seminar,4
AH,Topics,5
AH,Latin,3
AH,American,8
AH,Japanese,1
AH,Print,1
AH,Culture,3
AH,Understanding,1
AH,Architecture,6
AH,Monuments,1
AH,Asia,2
AH,Baroque,3
AH,Northern,1
AH,Europe,3
AH,Introduction,1
AH,United,1
AH,States,1
AH,Renaissance,4
AH,Post,1
AH,Modernism,1
AH,Boston,2
AH,Urbanism,1
AH,Since,1
AH,Contact,1
AH,Africa,1
AH,Its,1
AH,Diaspora,1
AH,Places,1
AH,Memory,1
AH,Classical,1
AH,Greece,2
AH,Learning,1
AH,See,1
AH,Modern,2
AH,Asian,1
AH,Global,3
AH,Context,1
AH,Ancient,2
AH,Maya,1
AH,Civilization,1
AH,TwentiethCentury,2
AH,Heritage,1
AH,Conservation,1
AH,Digital,1
AH,Curation,1
AH,Nineteenth,2
AH,Century,3
AH,Contemporary,1
AH,Photographic,1
AH,History,5
AH,Southern,1
AH,Kongo,1
AH,Cuba,1
AH,Society,1
AH,Museum,1
AH,Historical,1
AH,Agency,1
AH,Folk,1
AH,Archaic,1
AH,Historic,1
AH,Houses,1
AH,Twentieth,1
AH,Photography,1
AH,Age,1
AH,Napoleon,1
AH,High,1
AH,Mannerist,1
AH,Italy,1
AH,Architectural,1
AH,Community,1
AH,Workshop,1
AH,Theory,1
AH,Landscape,2
AH,African,1
AH,China,1
AH,Buildings,1
AH,Landscapes,1
AH,Arc,1
AH,Russian,1
AH,Ukrainian,1
AH,Japan,1
AH,Curatorship,1
AH,Venetian,1
AH,Cultural,1
AH,Studies,1
AH,Archaeology,1
AH,Egypt,1
AH,Capstone,1
AH,Pyramids,1
AH,Cathedrals,1
AH,Media,1
AH,Buddhism,1
AH,Material,1
AH,From,1
AH,Morocco,1
AH,Timbuktu,1
AH,Cold,1
AH,War,1
CI,Directed,2
CI,Study,3
CI,Cinema,12
CI,Media,7
CI,Studies,8
CI,A,1
CI,Italian,1
CI,Present,1
CI,Africa,1
CI,Screen,2
CI,Weimar,1
CI,English,5
CI,Gender,1
CI,Identity,1
CI,Contemporary,1
CI,Middle,1
CI,Eastern,1
CI,Film,14
CI,Auteur,4
CI,Filmmaking,2
CI,Tradition,1
CI,Modernity,1
CI,Iranian,1
CI,Literature,4
CI,Stalins,1
CI,Crimes,1
CI,Representations,1
CI,Holocaust,3
CI,Greek,2
CI,Tragedy,1
CI,On,1
CI,History,2
CI,Global,2
CI,Special,2
CI,Topics,3
CI,Modern,6
CI,Chinese,1
CI,Through,1
CI,Religion,1
CI,NonCinematic,1
CI,Screening,1
CI,China,1
CI,Translation,1
CI,Philosophy,1
CI,Introduction,2
CI,Aesthetics,1
CI,Genres,1
CI,Movements,1
CI,World,1
CI,Cities,1
CI,Theory,1
CI,Black,1
CI,American,2
CI,Myth,1
CI,Family,1
CI,Classic,1
CI,Television,1
CI,Culture,4
CI,India,1
CI,Bollywood,1
CI,Brazilian,1
CI,Inhuman,1
CI,Films,1
CI,Israeli,1
CI,Korean,1
CI,Japanese,1
CI,CinemaMonde,1
CI,Fascism,1
CI,Italy,1
AA,African,22
AA,Americans,2
AA,Global,2
AA,Perspective,2
AA,Race,9
AA,Sex,1
AA,Science,1
AA,Fiction,1
AA,Transnational,1
AA,Black,5
AA,Radicalism,1
AA,Century,1
AA,Present,1
AA,Diaspora,6
AA,Americas,2
AA,American,24
AA,History,7
AA,Topics,10
AA,Studies,12
AA,Arts,2
AA,Introduction,4
AA,Critical,2
AA,University,1
AA,Directed,2
AA,Study,2
AA,Politics,6
AA,Policy,3
AA,HBOs,1
AA,Wire,1
AA,Women,4
AA,Power,3
AA,Culture,1
AA,Africa,4
AA,Thought,1
AA,Asian,2
AA,Writers,3
AA,Development,1
AA,Economy,1
AA,Write,1
AA,Back,1
AA,Soon,1
AA,Atlantic,1
AA,European,1
AA,Dimensions,1
AA,Its,1
AA,Humanities,1
AA,Religion,4
AA,PreColonial,1
AA,Sociology,3
AA,Ethnicity,2
AA,Leadership,1
AA,Governance,1
AA,Caribbean,1
AA,Seminar,2
AA,Comparative,1
AA,Civil,1
AA,Rights,1
AA,Families,1
AA,Literature,6
AA,Special,2
AA,Cinema,3
AA,Media,2
AA,Antiracism,1
AA,Memory,1
AA,US,2
AA,Popular,1
AA,Music,2
AA,Religions,1
AA,Childhood,1
AA,Fictions,1
AA,Migration,1
AA,Inequality,1
AA,Urban,1
AA,Reparations,1
AA,Restitution,1
AA,Restorative,1
AA,Justice,2
AA,Slavery,2
AA,Jim,1
AA,Crow,1
AA,Segregation,1
AA,Kongo,1
AA,Cuba,1
AA,Toni,1
AA,Morrisons,1
AA,Times,1
AA,Labor,1
AA,Sexuality,1
AA,Resistance,2
AA,AfroAtlantic,1
AA,World,1
AA,Revolution,1
AA,Digital,1
AA,Age,1
AA,Criminal,1
AA,Blacks,1
AA,Asians,1
AA,Religious,1
AA,Class,1
AA,Gender,1
AA,Hip,2
AA,Hop,2
AA,Minstrelsy,1
AA,Harlem,1
AA,Renaissance,1
AA,Poetics,1
AA,Classroom,1
AA,West,1
AA,Indian,1
MA,Numerical,3
MA,Analysis,6
MA,II,7
MA,Multivariate,1
MA,Calculus,7
MA,Linear,4
MA,Algebra,5
MA,Introduction,8
MA,Causal,1
MA,Inference,1
MA,Mathematical,6
MA,Statistics,9
MA,Discrete,2
MA,Mathematics,9
MA,Graph,1
MA,Theory,5
MA,Topology,1
MA,I,6
MA,Reasoning,2
MA,Elementary,3
MA,Grades,2
MA,Engineering,1
MA,Modern,3
MA,Models,3
MA,Senior,2
MA,Independent,2
MA,Work,2
MA,Foundations,1
MA,Nonparametric,1
MA,Stochastic,3
MA,Processes,1
MA,Honors,1
MA,Level,1
MA,Life,3
MA,Social,2
MA,Sciences,4
MA,Advanced,1
MA,Methods,7
MA,Applied,5
MA,Financial,1
MA,Derivatives,1
MA,Basic,1
MA,Probability,2
MA,Biological,1
MA,Bayesian,1
MA,Variance,1
MA,Algorithms,1
MA,HonorsLevel,2
MA,Differential,4
MA,Equations,3
MA,Complex,1
MA,Variables,1
MA,Geometry,2
MA,Computational,1
MA,Generalized,1
MA,History,1
MA,TpcsMath,1
MA,Qualitative,1
MA,Ordinary,1
MA,Problem,1
MA,Solving,1
MA,Number,3
MA,Statistical,1
MA,Point,1
MA,Process,1
MA,Data,2
MA,Topics,1
MA,Time,1
MA,Series,1
MA,Forecasting,1
MA,Writing,1
MA,Directed,2
MA,Study,2
MA,Operations,2
MA,Research,2
MA,Vector,1
MA,Explorations,1
MA,Science,1
MA,R,1
MA,Logic,1
MA,Abstract,1
MA,Personal,1
MA,Finance,1
MA,Optimization,1
MA,Scientific,1
MA,Computing,1
PY,Senior,2
PY,Independent,2
PY,Work,2
PY,Electromagnetic,3
PY,Fields,2
PY,Waves,3
PY,II,4
PY,Physics,26
PY,Music,1
PY,Introduction,4
PY,Solid,1
PY,State,1
PY,Directed,2
PY,Study,2
PY,Research,2
PY,Methods,2
PY,Theoretical,1
PY,Computational,2
PY,Principles,4
PY,General,4
PY,Particle,1
PY,Quantum,5
PY,Mechanics,5
PY,Theory,1
PY,I,5
PY,Advanced,1
PY,Laboratory,1
PY,Biological,1
PY,Statistical,3
PY,Intermediate,1
PY,Health,1
PY,Sciences,1
PY,Modern,3
PY,Food,1
PY,Cooking,1
PY,Computing,1
PY,Cosmological,1
PY,Freshman,1
PY,Seminar,1
PY,Physicists,1
PY,Interdisciplinary,1
PY,Quantitative,1
PY,Finance,1
PY,Electronics,1
PY,Scientists,1
PY,Mathematical,1
PY,Thermodynamics,1
LH,Israel,1
LH,Directed,2
LH,Study,2
LH,SixthSemester,1
LH,Hebrew,7
LH,Masterpieces,1
LH,Modern,5
LH,Literature,1
LH,English,2
LH,Israeli,4
LH,Culture,3
LH,Media,1
LH,Fundamentals,1
LH,Film,2
LH,Popular,1
LH,Music,1
LH,Advanced,1
LH,Intermediate,2
LH,Intensive,1
LH,FirstYear,1
LY,TArab,4
LY,LangLit,4
LY,Directed,2
LY,Study,2
LY,SecondYear,2
LY,Modern,6
LY,Arabic,13
LY,Elementary,2
LY,Levantine,2
LY,Nights,1
LY,World,1
LY,Literary,1
LY,Imagination,1
LY,Topics,2
LY,Arab,3
LY,Culture,1
LY,Language,1
LY,Introduction,1
LY,Literature,2
LY,Translation,1
LY,Interpreting,1
LY,ThirdYear,2
LY,Cultures,1
LY,Through,1
LY,Film,1
LY,English,1
LY,Media,1
LY,Society,1
LY,Hip,1
LY,Hop,1
LY,Cartoons,1
CH,Biochemistry,6
CH,II,3
CH,Laboratory,6
CH,I,3
CH,Materials,1
CH,Chemistry,60
CH,General,9
CH,Organic,9
CH,Qualitative,2
CH,Analysis,8
CH,Sophomore,8
CH,Research,30
CH,Credits,28
CH,Intensive,4
CH,Principles,4
CH,Senior,4
CH,Honors,2
CH,Special,5
CH,Topics,5
CH,Advanced,3
CH,Quantitative,5
CH,Lab,6
CH,Junior,12
CH,Engineering,1
CH,Sciences,2
CH,Physical,4
CH,Natural,1
CH,Products,1
CH,Freshman,5
CH,Integrated,2
CH,Science,3
CH,Experience,2
CH,Inorganic,1
CH,Mathematical,1
CH,Methods,1
CH,Molecular,1
CH,Computational,1
CH,Chemical,3
CH,Biology,1
CH,Analytical,1
CH,Seminar,1
CH,Instrumental,1
CH,Synthesis,1
BB,Junior,5
BB,Research,19
BB,Biochemistry,19
BB,Molecular,20
BB,Biology,20
BB,Credits,4
BB,Sophomore,2
BB,Laboratory,1
BB,Senior,4
BB,Honors,4
BB,Seminar,2
BB,Graduate,2
BB,First,2
BB,Year,2
CL,Greek,15
CL,Classical,5
CL,Tradition,1
CL,Modern,2
CL,Literature,5
CL,Odyssey,1
CL,Ulysses,1
CL,Classics,1
CL,Popular,1
CL,Culture,1
CL,Topics,3
CL,Myth,1
CL,Studies,5
CL,Latin,10
CL,Origins,1
CL,Writing,1
CL,Decline,1
CL,Fall,1
CL,Roman,6
CL,Empire,1
CL,Comedy,1
CL,Survey,2
CL,II,1
CL,Race,1
CL,Ethnicity,1
CL,Ancient,5
CL,Greece,4
CL,Rome,4
CL,Directed,2
CL,Study,2
CL,Lat,1
CL,Prose,2
CL,Comp,1
CL,History,3
CL,Sexuality,1
CL,Advanced,3
CL,Seminar,4
CL,Religion,1
CL,Mythology,1
CL,Drama,1
CL,Translation,1
CL,Composition,1
CL,Tragedy,1
CL,Film,1
CL,World,2
CL,Intensive,1
CL,Scientific,1
CL,Terminology,1
CL,Roots,1
CL,Medicine,1
CL,Warfare,1
CL,Antiquity,1
CL,Civilization,1
CL,Language,1
CL,Our,1
CL,Ancestors,1
CL,Age,1
CL,Pericles,1
CL,What,1
CL,Is,1
CL,Good,1
CL,Life,1
CL,Wisdom,1
CL,Insights,1
HI,Nazis,2
HI,Postwar,1
HI,America,8
HI,Senior,2
HI,Honors,2
HI,Seminar,2
HI,Poverty,1
HI,Democracy,1
HI,History,37
HI,American,13
HI,Foreign,1
HI,Relations,2
HI,Samurai,1
HI,Ships,1
HI,Soil,1
HI,Topics,5
HI,Russias,1
HI,Empire,2
HI,Tsars,1
HI,Catastrophe,1
HI,Memory,4
HI,Piracy,1
HI,United,4
HI,States,4
HI,Cold,1
HI,War,8
HI,Odd,1
HI,Couple,1
HI,Modern,17
HI,Latin,2
HI,European,3
HI,Enlightenment,2
HI,Society,1
HI,Culture,8
HI,Early,4
HI,Europe,9
HI,Theater,1
HI,Transnational,1
HI,Histories,1
HI,Asia,3
HI,Environmental,1
HI,Africa,4
HI,Rise,1
HI,Fall,1
HI,First,1
HI,British,1
HI,Israel,1
HI,Introduction,5
HI,Critical,1
HI,University,1
HI,Studies,1
HI,Wars,1
HI,Peace,1
HI,Diplomacy,1
HI,Politics,4
HI,International,2
HI,Places,1
HI,Historians,1
HI,Craft,1
HI,Boston,2
HI,Comparative,1
HI,Fascism,1
HI,Birth,1
HI,Americans,1
HI,Middle,1
HI,East,1
HI,Its,1
HI,Critics,1
HI,Central,1
HI,India,1
HI,South,2
HI,Colonialism,1
HI,Film,3
HI,Monarchy,1
HI,Britain,3
HI,Sex,1
HI,Love,1
HI,Family,1
HI,Armenian,1
HI,Literature,3
HI,NineteenthCentury,1
HI,France,1
HI,Black,1
HI,Power,4
HI,Classroom,1
HI,World,5
HI,II,1
HI,Genocide,2
HI,Cities,1
HI,Cultures,1
HI,Chinese,2
HI,Blacks,1
HI,Asians,1
HI,Emerging,2
HI,Since,1
HI,Environment,1
HI,Bodies,1
HI,Drugs,2
HI,Healing,1
HI,Popular,3
HI,Dawn,1
HI,Refugee,1
HI,Hollywood,1
HI,IsraeliPalestinian,1
HI,Conflict,1
HI,TwentiethCentury,2
HI,Thought,2
HI,Jews,1
HI,Religion,4
HI,Community,2
HI,Medieval,3
HI,Spain,1
HI,French,1
HI,Revolution,4
HI,Napoleon,1
HI,Experiencing,1
HI,Total,1
HI,Protest,1
HI,Resistance,2
HI,Americas,2
HI,Security,1
HI,Soviet,1
HI,Union,1
HI,Presidency,1
HI,Civil,3
HI,Repression,1
HI,Rock,1
HI,Roll,1
HI,Game,1
HI,Thrones,1
HI,A,1
HI,Present,4
HI,Magic,1
HI,Science,2
HI,Reformation,1
HI,Rights,1
HI,Great,2
HI,Powers,1
HI,Eastern,1
HI,Mediterranean,1
HI,Emergence,1
HI,Precolonial,1
HI,Morocco,1
HI,Metropolis,1
HI,Getting,1
HI,Around,1
HI,Capitalism,1
HI,Nationalism,1
HI,Nineteenth,1
HI,Twentieth,2
HI,Centuries,1
HI,Architectural,1
HI,Workshop,1
HI,Gender,2
HI,Sexuality,2
HI,Judaism,1
HI,West,1
HI,Transformation,2
HI,New,1
HI,England,1
HI,Women,1
HI,US,2
HI,Reconstructing,1
HI,African,2
HI,Past,1
HI,Communism,1
HI,Music,1
HI,Ideas,1
HI,Mozart,1
HI,Jazz,1
HI,Age,2
HI,Race,1
HI,Ethnicity,1
HI,Childhood,1
HI,Consumer,1
HI,Media,1
HI,Atlantic,1
HI,Mecca,1
HI,Dubai,1
HI,Slavery,1
HI,Freedom,1
HI,Era,1
HI,Living,1
HI,City,1
HI,Authority,1
HI,I,1
HI,Japanese,2
HI,Meaning,1
HI,Century,1
HI,Trauma,1
HI,Animals,1
HI,Merchants,1
HI,Pirates,1
HI,Missionaries,1
HI,State,1
HI,Maritime,1
HI,Religious,1
HI,Fashion,1
HI,Prevention,1
HI,Geopolitics,1
HI,Caucasus,1
HI,Urban,1
HI,Making,1
HI,Antiracism,1
HI,Renaissance,1
HI,Political,1
HI,Cultural,1
HI,Special,1
HI,Nuclear,1
HI,Taste,1
HI,Labor,1
HI,AfroAtlantic,1
HI,Hamilton,1
HI,What,1
HI,Is,1
HI,Alternative,1
HI,Iran,2
HI,Premodern,1
EC,Race,2
EC,Development,7
EC,American,3
EC,Economy,5
EC,Policy,4
EC,Economics,33
EC,Poverty,1
EC,Discrimination,1
EC,United,1
EC,States,1
EC,Market,4
EC,Structure,2
EC,Industrial,1
EC,Organization,4
EC,Introduction,2
EC,Economic,13
EC,Dynamics,1
EC,Practicum,2
EC,Environmental,2
EC,Special,3
EC,Topics,5
EC,Contemporary,1
EC,East,2
EC,Asian,1
EC,British,1
EC,Macroeconomic,4
EC,Empirical,4
EC,Analysis,7
EC,Game,2
EC,Theory,6
EC,MAEP,1
EC,Internship,1
EC,International,4
EC,Macroeconomics,3
EC,Europe,1
EC,Risk,1
EC,Uncertainty,1
EC,Information,2
EC,Government,1
EC,Business,3
EC,Labor,3
EC,African,1
EC,History,1
EC,Public,4
EC,I,2
EC,Statistics,1
EC,Economists,1
EC,Sports,1
EC,Elementary,1
EC,Mathematical,1
EC,Corporate,2
EC,European,2
EC,Environment,1
EC,Energy,1
EC,Trade,1
EC,Finance,1
EC,Intermediate,2
EC,Health,2
EC,Applied,2
EC,Econometrics,4
EC,Globalization,1
EC,Microeconomic,3
EC,Pacific,1
EC,Rim,1
EC,Irish,1
EC,Markets,3
EC,Directed,2
EC,Study,2
EC,Applications,1
EC,Monetary,3
EC,Urban,1
EC,Regional,1
EC,Introductory,2
EC,Education,1
EC,Behavioral,1
EC,Performance,1
EC,Firms,1
EC,Models,1
EC,Social,1
EC,Learning,1
EC,Coordination,1
EC,Senior,2
EC,Independent,2
EC,Work,2
EC,Political,1
EC,Middle,1
EC,North,1
EC,Africa,1
EC,Banking,2
EC,Chinese,1
EC,Money,1
EC,Financial,2
EC,Intermediation,1
EC,Latin,1
EC,America,1
EC,Legal,1
EC,Issues,1
EC,LessDeveloped,1
EC,Regions,1
EC,Dynamic,1
EC,Sector,1
EC,Strategy,1
EC,Institutions,3
EC,Historical,2
EC,Perspective,2
EC,Control,1
EC,Capital,1
LT,Understanding,1
LT,Modern,1
LT,Turkey,2
LT,Film,1
LT,Literature,3
LT,FirstSemester,1
LT,Turkish,5
LT,TTurk,3
LT,LangLit,3
LT,Topics,1
LT,Language,1
LT,Interplay,1
LT,History,1
LT,Turkic,1
LT,Silk,1
LT,Road,1
LT,Istanbul,1
LT,Crossroads,1
LT,Directed,1
LT,Study,1
LT,ThirdSemester,1
LT,FourthSemester,1
LT,World,1
LT,Cities,1
LT,SecondSemester,1
LT,Middle,1
LT,East,1
CC,Unmaking,1
CC,Modern,2
CC,World,2
CC,Core,9
CC,Capstone,1
CC,Extended,1
CC,Multimedia,2
CC,Encounters,2
CC,Texts,2
CC,Natural,2
CC,Science,2
CC,I,2
CC,Making,1
CC,II,1
CC,Humanities,4
CC,III,1
CC,IV,1
LR,Dostoevskys,1
LR,Brothers,1
LR,Karamazov,1
LR,SecondYear,2
LR,Russian,20
LR,II,2
LR,TRuss,5
LR,LangLit,5
LR,Advanced,3
LR,Grammar,1
LR,Soviet,1
LR,Film,1
LR,English,6
LR,Classics,2
LR,Prose,2
LR,Topics,1
LR,Literature,3
LR,Translation,1
LR,Dostoevsky,1
LR,Conversation,1
LR,Senior,2
LR,Independent,2
LR,Work,2
LR,Stalins,1
LR,Crimes,1
LR,ThirdYear,2
LR,FirstYear,2
LR,Culture,3
LR,Youth,1
LR,Contemporary,1
LR,Boston,1
LR,Yr,1
LR,Directed,2
LR,Study,2
LR,I,2
LR,Twentieth,1
LR,Century,1
LR,Tolstoy,1
LR,Chekhov,1
LR,Russia,1
LR,Screen,1
LR,Media,1
LR,Language,1
LR,Drama,1
LR,Immigrant,1
LR,Women,1
TL,History,1
TL,Theory,1
TL,Translation,4
TL,Literary,1
TL,Style,1
TL,Workshop,1
TL,Today,1
TL,Topics,1
TL,Seminar,1
CS,Spark,2
CS,Machine,3
CS,Learning,4
CS,XLab,2
CS,Practicum,3
CS,Cloud,1
CS,Computing,6
CS,Data,6
CS,Science,9
CS,Tools,2
CS,Applications,1
CS,Introduction,11
CS,Information,1
CS,Security,2
CS,Advanced,5
CS,Optimization,1
CS,Algorithms,5
CS,Internet,1
CS,Technologies,1
CS,Web,1
CS,Programming,3
CS,Database,1
CS,Systems,8
CS,Geometric,1
CS,Analysis,1
CS,Applied,1
CS,Algorithmic,2
CS,Mining,2
CS,Directed,2
CS,Study,2
CS,Software,5
CS,Engineering,2
CS,NonCS,1
CS,Majors,1
CS,Streaming,1
CS,Eventdriven,1
CS,Formal,3
CS,Validation,1
CS,Methods,1
CS,Randomness,1
CS,Architectures,1
CS,Complexity,1
CS,Theory,3
CS,Computer,11
CS,Techniques,1
CS,Taming,1
CS,Big,1
CS,Principles,1
CS,Topics,2
CS,Fundamentals,2
CS,Artificial,1
CS,Intelligence,1
CS,Cryptography,2
CS,Academic,1
CS,Writing,1
CS,Graphics,1
CS,Image,1
CS,Video,1
CS,Geometry,1
CS,Processing,2
CS,Natural,1
CS,Language,1
CS,Senior,2
CS,Independent,2
CS,Work,2
CS,Workshops,1
CS,Distributed,1
CS,Elements,1
CS,Computation,2
CS,Foundations,2
CS,Languages,2
CS,FullStack,1
CS,Application,1
CS,Design,2
CS,Development,2
CS,Combinatoric,1
CS,Structures,1
CS,Compiler,1
CS,Audio,1
CS,Embedded,1
CS,Databases,1
CS,Deep,1
CS,Probability,1
CS,Algebraic,1
CS,Concepts,1
CS,Networks,2
CS,Computational,1
CS,Fabrication,1
LK,TKor,4
LK,LangLit,4
LK,Readings,1
LK,Korean,24
LK,Literature,6
LK,Translation,1
LK,Topics,3
LK,Culture,2
LK,Novels,1
LK,Joseon,1
LK,Korea,2
LK,Classics,1
LK,FifthSemester,1
LK,Language,2
LK,Advanced,2
LK,Conversation,2
LK,Composition,1
LK,Media,1
LK,FourthSemester,1
LK,Gateway,1
LK,Asian,1
LK,Cultures,1
LK,Growing,1
LK,Up,1
LK,Modern,1
LK,Cinema,1
LK,English,2
LK,Ctmp,1
LK,Cul,1
LK,Classical,1
LK,Chinese,2
LK,I,1
LK,Students,1
LK,East,1
LK,Asia,1
LK,SixthSemester,1
LK,First,1
LK,Year,1
LK,Heritage,2
LK,Speakers,2
LK,Introduction,1
LK,Directed,2
LK,Study,2
LK,FirstSemester,1
LK,Rome,1
LK,World,1
LK,SecondYear,1
LK,Popular,1
LK,Music,1
LK,Professions,1
LK,Discourse,1
LK,ThirdSemester,1
LK,Major,1
LK,Authors,1
LK,SecondSemester,1
LK,TV,1
LK,Drama,1
LW,Wolof,8
LW,Directed,4
LW,Study,4
LW,Akan,4
LW,Twi,4
LW,FirstSemester,1
NE,Experimental,4
NE,Psychology,5
NE,Junior,5
NE,Research,15
NE,Neuroscience,21
NE,Credits,4
NE,Principles,1
NE,Lab,4
NE,Learning,2
NE,Neurobiology,5
NE,Sex,1
NE,Aggression,1
NE,Sensory,1
NE,Neurotoxins,1
NE,Biology,6
NE,Medicine,1
NE,Agriculture,1
NE,War,1
NE,Senior,3
NE,Neurodegenerative,2
NE,Diseases,2
NE,Introduction,6
NE,Cognitive,1
NE,Topics,1
NE,Fundamentals,1
NE,Integrated,2
NE,Science,2
NE,Experience,2
NE,II,1
NE,Imaging,1
NE,Manipulating,1
NE,Memories,1
NE,Proteostasis,1
NE,Neural,3
NE,Impacts,1
NE,Tumorigenesis,1
NE,Computational,1
NE,Models,3
NE,Brain,3
NE,Behavior,2
NE,Design,1
NE,Cellular,2
NE,Molecular,4
NE,Honors,2
NE,Cell,1
NE,Communications,1
NE,Neuroethology,1
NE,Firstyear,1
NE,MATLAB,1
NE,Programming,1
NE,Psychological,1
NE,Sciences,1
NE,Sophomore,2
NE,Neurophysiology,1
NE,Animal,1
NE,Behavioral,1
NE,Neuron,1
NE,Drug,1
NE,Discovery,1
NE,Motivation,1
NE,Decision,1
NE,Making,1
NE,Memory,2
NE,Systems,1
NE,Function,1
NE,Drugs,1
NE,Neuropsychology,1
NE,Circuits,1
NE,Translational,1
NE,Alzheimers,1
NE,Disease,1
NE,Developmental,1
LS,FirstYear,1
LS,Spanish,15
LS,Directed,2
LS,Study,2
LS,Sounds,1
LS,FirstSemester,1
LS,Religion,1
LS,Literature,7
LS,Medieval,2
LS,Spain,1
LS,FourthSemester,1
LS,Topics,4
LS,Peninsular,1
LS,SecondSemester,1
LS,Through,4
LS,Performance,1
LS,Introduction,1
LS,Analysis,1
LS,Hispanic,2
LS,Texts,1
LS,Latin,1
LS,America,1
LS,Culture,1
LS,ThirdSemester,1
LS,Poetry,1
LS,Golden,1
LS,Age,1
LS,Senior,2
LS,Independent,2
LS,Work,2
LS,Arts,1
LS,Heritage,1
LS,Native,1
LS,Speakers,1
LS,Early,1
LS,Modern,1
LS,Iberian,1
LS,Translation,1
LS,Cinemas,1
LS,Contemporary,1
LS,Film,1
LS,New,1
LS,Media,1
LS,Professions,1
LS,American,1
LP,ThirdSemester,1
LP,Portuguese,8
LP,DsPortuguese,2
LP,Inventing,1
LP,Brazil,1
LP,English,1
LP,Translation,1
LP,SecondSemester,1
LP,Spanish,2
LP,Speakers,2
LP,Tropical,1
LP,Metropolis,1
LP,Brazilian,1
LP,Modernity,1
LP,FourthSemester,1
LP,Topics,1
LP,Language,1
LP,Culture,1
LP,FirstSemester,1
LP,Business,1
LP,Professional,1
LP,Life,1
XL,Greek,1
XL,Drama,1
XL,Translation,3
XL,Topicscomp,1
XL,Lit,1
XL,Introduction,4
XL,Middle,2
XL,Eastern,2
XL,Literatures,4
XL,World,5
XL,Cities,3
XL,Immigrant,1
XL,Women,1
XL,Literature,9
XL,East,2
XL,Asian,3
XL,Global,2
XL,Shakespeares,1
XL,South,1
XL,Thomas,1
XL,Manns,1
XL,Death,1
XL,Venice,1
XL,Gateway,1
XL,Cultures,1
XL,Jewish,1
XL,Topics,5
XL,Big,1
XL,Fat,1
XL,Books,1
XL,Today,1
XL,WLL,1
XL,Senior,3
XL,Seminar,2
XL,Holocaust,3
XL,Through,1
XL,Film,4
XL,Nights,1
XL,Literary,2
XL,Imagination,1
XL,Africa,1
XL,Screen,1
XL,Directed,2
XL,Study,2
XL,Travel,1
XL,Writing,1
XL,Muslim,1
XL,Alexander,1
XL,Great,1
XL,Marxist,1
XL,Cultural,1
XL,Criticism,2
XL,Culture,1
XL,Gender,2
XL,English,1
XL,Leaving,1
XL,Home,1
XL,Representations,1
XL,Independent,2
XL,Work,2
XL,Western,1
XL,Identity,1
XL,Contemporary,1
XL,Haruki,1
XL,Murakami,1
XL,His,1
XL,Sources,1
XL,Primo,1
XL,Levi,1
XL,Within,1
XL,Visual,1
XL,Politics,1
XL,Tradition,1
XL,Modernity,1
XL,Iranian,1
XL,Interplay,1
XL,History,1
XL,Turkic,1
XL,Silk,1
XL,Road,1
XL,Modernist,1
XL,Fiction,1
XL,Religion,1
XL,Queer,1
XL,Theory,1
FY,First,3
FY,Year,3
FY,Experience,2
FY,Topics,1
FY,Career,2
FY,Development,1
FY,Internships,1
FY,Majors,1
FY,Your,1
FY,Direction,1
AS,Life,1
AS,Beyond,1
AS,Earth,1
AS,Cosmic,1
AS,Controversies,1
AS,Extragalactic,1
AS,Astrophysics,2
AS,Cosmology,2
AS,Alien,1
AS,Worlds,1
AS,Honors,2
AS,Work,2
AS,Astronomy,7
AS,Principles,2
AS,I,1
AS,Stellar,1
AS,Galactic,1
AS,Astronomical,1
AS,Universe,1
AS,Solar,2
AS,System,1
AS,II,1
AS,Space,1
AS,Physics,2
AS,Directed,2
AS,Studies,2
AS,Planetary,1
AS,Observational,1
LX,Language,4
LX,Race,1
LX,Gender,1
LX,Languages,2
LX,Contact,1
LX,Phonological,1
LX,Analysis,1
LX,Structure,2
LX,Spanish,2
LX,Linguistic,1
LX,Field,1
LX,Methods,1
LX,Experimental,1
LX,Pragmatics,2
LX,Intermediate,2
LX,Semantics,2
LX,Introduction,2
LX,Programming,1
LX,Computational,2
LX,Linguistics,5
LX,Syntax,4
LX,Phonetics,1
LX,Phonology,2
LX,Acquisition,2
LX,Prosody,1
LX,Historical,1
LX,Comparative,1
LX,Morphology,1
LX,Variation,2
LX,Dialects,2
LX,English,1
LX,Bilingualism,1
LX,Change,1
LX,Contemporary,1
LX,World,1
LX,Say,1
LX,What,1
LX,Accents,1
LX,Society,1
LX,Sociolinguistics,1
LX,French,1
LX,Music,1
LX,Indigenous,1
LX,Latin,1
LX,America,1
LX,Topics,1
LX,Sounds,1
LX,Advanced,1
NS,Ocean,4
NS,Global,2
NS,Change,1
NS,Advanced,3
NS,Topics,3
NS,Biological,1
NS,Oceanography,2
NS,Maritime,2
NS,Studies,1
NS,History,2
NS,Culture,1
NS,Data,1
NS,Communication,2
NS,Visualization,1
NS,Policy,2
NS,Research,4
NS,Directed,1
NS,Concepts,4
NS,Physics,4
NS,II,1
NS,Oceanographic,2
NS,Field,1
NS,Methods,1
NS,Nautical,1
NS,Science,3
NS,Cultural,1
NS,Landscapes,1
NS,Seascapes,1
NS,Leadership,1
NS,Dynamic,1
NS,Environment,1
NS,V,1
NS,Public,1
NS,Integrated,1
NS,I,1
NS,Environmental,2
NS,Practical,1
NS,Oceans,1
NS,Carbon,1
NS,Cycle,1
NS,F,1
NS,Toward,1
NS,Sustainable,1
NS,Marine,1
NS,Climate,1
NS,Society,1
NS,Humanities,1
NS,IV,1
NS,III,1
IN,Internships,1
IN,Liberal,1
IN,Arts,1
IN,CAS,1
IN,Undergraduate,1
IN,Internship,1
MR,Undergraduate,6
MR,Marine,10
MR,Science,9
MR,Research,7
MR,Tropical,1
MR,Fisheries,1
MR,Senior,2
MR,Independent,2
MR,Work,2
MR,Scientific,1
MR,Diving,1
MR,Underwater,1
MR,Methods,1
MR,Topics,1
CG,Directed,2
CG,Study,2
CG,Modern,9
CG,Greek,9
CG,Intermediate,2
CG,Language,1
CG,Culture,2
CG,Literature,1
CG,Short,1
CG,Story,1
CG,Beginning,2
CG,Film,1
LI,A,1
LI,Study,3
LI,Italian,7
LI,Cinema,1
LI,Present,1
LI,FourthSemester,1
LI,Directed,2
LI,FirstSemester,1
LI,Professions,1
LI,Fascism,1
LI,Holocaust,1
LI,Italy,1
LI,Media,1
LI,Popular,1
LI,Culture,1
LI,ThirdSemester,1
LI,Senior,2
LI,Independent,2
LI,Work,2
LI,SecondSemester,1
LI,On,1
LI,Screen,1
LZ,Persian,7
LZ,Epic,1
LZ,Romance,1
LZ,English,2
LZ,SecondSemester,1
LZ,Modern,4
LZ,Farsi,4
LZ,Rumi,1
LZ,Sufi,1
LZ,Poetry,1
LZ,Translation,1
LZ,FirstSemester,1
LZ,Directed,2
LZ,Study,2
LZ,FourthSemester,1
LZ,ThirdSemester,1
EI,Editing,2
EI,Across,1
EI,Disciplines,1
EI,Topics,1
EI,Textual,1
EI,Scholarship,1
EI,History,1
EI,Western,1
EI,Society,1
EI,Theory,1
EI,Practice,1
EI,Literary,1
LM,SecondSemester,1
LM,FirstSemester,1
LM,ThirdSemester,1
LM,FourthSemester,1
ID,Africa,1
ID,Today,1
SY,Senior,1
SY,Year,1
SY,Topics,1
